Peptide_seq,Predicted_Scores,Predicted_Labels
KLHPVYDKV,0.9667832374572753,binding
TMLELLTQL,0.9857814908027649,binding
QVGAFLEGL,0.7546200752258301,binding
VVAGMLRWV,0.9160498857498169,binding
ELLGNLEEV,0.9735509872436523,binding
LLGPAYQSI,0.9300012826919556,binding
KIYQIGRSV,0.8880248546600342,binding
YLLDVSTLL,0.9884484767913818,binding
GLQEVTRAI,0.949606966972351,binding
RLRDDLERL,0.7449960947036743,binding
VLEENRTTL,0.4172168433666229,non-binding
LLPAPLVSV,0.9762571811676025,binding
RLAVSLHEL,0.970868456363678,binding
LLSAQIARL,0.9628406286239624,binding
MVLNAMAWL,0.8805554986000061,binding
ILERRLQTI,0.546602976322174,binding
MLQTNSLAL,0.92960524559021,binding
PLSPATRRL,0.3041114866733551,non-binding
LLRQETARL,0.5728169858455658,binding
ALQEETHVL,0.9562053084373474,binding
ALLAFTLGV,0.9806127071380615,binding
IVVDAIMSV,0.9634838700294495,binding
RLLVDLAQL,0.9593379259109497,binding
WIPPVVSVL,0.5325036764144897,binding
AMREALRYL,0.9127962708473205,binding
HIFDRVAGV,0.980145263671875,binding
VVSVLTHSV,0.8788030624389649,binding
RVAASVAAV,0.9628052949905396,binding
MLLWTAVAV,0.9730403423309326,binding
TLKNLIRSV,0.8967176914215088,binding
SLVVVSASL,0.7600982308387756,binding
KLVRELFRV,0.9798672199249268,binding
AVAKQIVTI,0.8348230838775634,binding
RMADEVQRL,0.9546543002128601,binding
GLEQQIQEI,0.7424178004264832,binding
RLLEGSAIM,0.9810262560844422,binding
KLEDEVFAL,0.9266522288322449,binding
GTDDTVAAV,0.8242174386978149,binding
HLMGQLNEL,0.9796999096870422,binding
MLVQSCTSI,0.921535050868988,binding
VIAEEPLYV,0.9761860609054566,binding
ALRERRMKV,0.6199553370475769,binding
DMLAGIATL,0.8635557532310486,binding
RLMQCVQQL,0.9772885203361511,binding
TLGVKQMVV,0.8261314988136291,binding
EMASMITKV,0.8479925036430359,binding
LLHDRQHSI,0.8996686220169068,binding
TLLDALGML,0.9607074856758118,binding
CLALIAWRV,0.969979727268219,binding
TIPSFIVRV,0.9698601126670837,binding
NLIDFNFKL,0.9863978624343872,binding
VIAGTSNAV,0.901461660861969,binding
FLAYDKFLL,0.9794869065284729,binding
LLKDSFAFL,0.9349119305610657,binding
YMAQKAEEV,0.9795154094696045,binding
AIVKDMARL,0.6954601526260376,binding
CLLDSFKEL,0.9799856901168823,binding
HLVAPLASL,0.911079204082489,binding
GVFDAAISI,0.9234455585479736,binding
VLCALLFCV,0.9741616725921631,binding
RLAGFLAGL,0.9817966818809509,binding
VIANNVDPV,0.9658554553985595,binding
KIMEAITVV,0.9869919419288635,binding
QLNKKIYQI,0.9259020566940308,binding
ALNQFTKVL,0.754357123374939,binding
ALNDALWAV,0.9889973640441895,binding
VLGSHVQTL,0.9309597849845886,binding
FMEVFGMLV,0.9590931415557862,binding
YLRTFPAAL,0.9525151252746582,binding
KLTVSSAAV,0.9453453660011292,binding
SLQFSAFLL,0.8752396106719971,binding
GLDYSEELL,0.8747166633605957,binding
NMMAVVGLL,0.9572645425796509,binding
PLSAVISPV,0.8574268817901611,binding
LLFDELTAL,0.9782272815704346,binding
LIQQRHIAV,0.9005732417106629,binding
SLCRSLVVV,0.944217836856842,binding
